Ngày,Lần cuối,Mở,Cao,Thấp,KL,% Thay đổi,
17/11/2023,1101.19,1125.53,1129.84,1096.16,1260000.00,-0.02,
16/11/2023,1125.53,1122.50,1125.53,1114.97,687400.00,0.00,
15/11/2023,1122.50,1109.73,1132.75,1109.73,937960.00,0.01,
14/11/2023,1109.73,1100.07,1115.60,1100.07,822200.00,0.01,
13/11/2023,1100.07,1103.66,1107.91,1093.19,789440.00,0.00,
10/11/2023,1101.68,1113.89,1116.02,1101.23,1030000.00,-0.01,
9/11/2023,1113.89,1113.43,1124.78,1112.13,1050000.00,0.00,
8/11/2023,1113.43,1080.29,1113.43,1075.80,952580.00,0.03,
7/11/2023,1080.29,1089.66,1089.89,1079.42,634510.00,-0.01,
6/11/2023,1089.66,1076.78,1089.66,1076.78,692790.00,0.01,
3/11/2023,1076.78,1075.47,1082.23,1071.11,756480.00,0.00,
2/11/2023,1075.47,1039.66,1075.47,1039.66,772120.00,0.03,
1/11/2023,1039.66,1028.19,1039.66,1020.01,679890.00,0.01,
31/10/2023,1028.19,1042.40,1046.17,1025.03,755540.00,-0.01,
30/10/2023,1042.40,1054.03,1060.39,1042.40,533360.00,-0.02,
27/10/2023,1060.62,1055.45,1061.87,1037.46,692230.00,0.00,
26/10/2023,1055.45,1101.66,1101.66,1049.71,1180000.00,-0.04,
25/10/2023,1101.66,1105.90,1111.39,1100.64,539260.00,0.00,
24/10/2023,1105.90,1093.53,1107.30,1088.17,509040.00,0.01,
23/10/2023,1093.53,1108.03,1108.03,1086.54,563100.00,-0.01,
20/10/2023,1108.03,1087.85,1108.16,1073.73,658190.00,0.02,
19/10/2023,1087.85,1103.40,1104.03,1087.85,649230.00,-0.01,
18/10/2023,1103.40,1121.65,1125.27,1088.87,1040000.00,-0.02,
17/10/2023,1121.65,1145.34,1147.89,1121.65,610500.00,-0.02,
16/10/2023,1141.42,1154.73,1157.46,1140.64,676190.00,-0.01,
13/10/2023,1154.73,1151.61,1155.10,1138.99,621420.00,0.00,
12/10/2023,1151.61,1150.81,1156.73,1148.11,647180.00,0.00,
11/10/2023,1150.81,1143.69,1150.81,1138.22,543050.00,0.01,
10/10/2023,1143.69,1137.36,1150.34,1137.36,671760.00,0.01,
9/10/2023,1137.36,1128.54,1137.36,1127.03,602620.00,0.01,
6/10/2023,1128.54,1113.89,1129.13,1107.40,621620.00,0.01,
5/10/2023,1113.89,1128.67,1133.12,1113.89,609010.00,-0.01,
4/10/2023,1128.67,1118.10,1133.79,1106.40,682490.00,0.01,
3/10/2023,1118.10,1155.25,1155.25,1117.28,991880.00,-0.03,
2/10/2023,1155.25,1154.15,1161.48,1149.63,518240.00,0.00,
29/09/2023,1154.15,1152.43,1163.88,1152.43,574810.00,0.00,
28/09/2023,1152.43,1153.85,1155.39,1136.99,691110.00,0.00,
27/09/2023,1153.85,1137.96,1153.85,1126.36,860420.00,0.01,
26/09/2023,1137.96,1153.20,1163.52,1137.96,1050000.00,-0.01,
25/09/2023,1153.20,1193.05,1195.62,1153.20,1090000.00,-0.03,
22/09/2023,1193.05,1212.74,1212.74,1174.57,1390000.00,-0.02,
21/09/2023,1212.74,1226.11,1227.88,1211.65,963680.00,-0.01,
20/09/2023,1226.11,1211.50,1226.11,1209.46,878030.00,0.01,
19/09/2023,1211.50,1211.81,1219.57,1199.85,1000000.00,0.00,
18/09/2023,1211.81,1227.36,1227.36,1203.88,845000.00,-0.01,
15/09/2023,1227.36,1223.81,1233.87,1220.27,917360.00,0.00,
14/09/2023,1223.81,1238.39,1244.21,1223.03,1230000.00,-0.01,
13/09/2023,1238.39,1245.44,1250.61,1232.84,1260000.00,-0.01,
12/9/2023,1245.44,1223.63,1245.44,1220.85,967870.00,0.02,
11/9/2023,1223.63,1241.48,1251.37,1223.33,1390000.00,-0.01,
8/9/2023,1241.48,1243.14,1248.10,1240.15,1100000.00,0.00,
7/9/2023,1243.14,1245.50,1255.11,1240.82,1130000.00,0.00,
6/9/2023,1245.50,1234.98,1245.50,1229.89,1130000.00,0.01,
5/9/2023,1234.98,1224.05,1236.21,1224.05,1090000.00,0.01,
31/08/2023,1224.05,1213.16,1224.84,1213.16,945480.00,0.01,
30/08/2023,1213.16,1206.10,1213.52,1203.51,911990.00,0.01,
29/08/2023,1204.43,1201.72,1208.78,1197.57,990940.00,0.00,
28/08/2023,1201.72,1183.37,1202.02,1183.37,882850.00,0.02,
25/08/2023,1183.37,1189.39,1192.59,1181.60,893340.00,-0.01,
24/08/2023,1189.39,1172.56,1189.99,1171.33,851540.00,0.01,
23/08/2023,1172.56,1180.49,1193.79,1168.89,747180.00,-0.01,
22/08/2023,1180.49,1179.76,1184.43,1149.13,1060000.00,0.00,
21/08/2023,1179.76,1177.99,1188.16,1164.63,1080000.00,0.00,
18/08/2023,1177.99,1233.48,1233.48,1177.74,1700000.00,-0.05,
17/08/2023,1233.48,1242.58,1243.98,1233.48,1110000.00,-0.01,
16/08/2023,1243.26,1234.05,1243.48,1234.05,930670.00,0.01,
15/08/2023,1234.05,1236.84,1239.42,1230.58,912030.00,0.00,
14/08/2023,1236.84,1232.21,1239.61,1229.04,1110000.00,0.00,
11/8/2023,1232.21,1220.61,1232.21,1213.37,1010000.00,0.01,
10/8/2023,1220.61,1233.99,1238.19,1220.61,1010000.00,-0.01,
9/8/2023,1233.99,1242.23,1242.23,1231.28,1090000.00,-0.01,
8/8/2023,1242.23,1241.42,1246.22,1239.01,1190000.00,0.00,
7/8/2023,1241.42,1233.10,1241.42,1230.38,1300000.00,0.01,
4/8/2023,1225.98,1210.95,1228.12,1210.95,1130000.00,0.01,
3/8/2023,1210.95,1219.73,1222.35,1209.06,1030000.00,-0.01,
2/8/2023,1220.43,1217.56,1223.04,1213.18,940810.00,0.00,
1/8/2023,1217.56,1222.90,1234.50,1217.56,1280000.00,0.00,
31/07/2023,1222.90,1207.67,1224.81,1207.67,1200000.00,0.01,
28/07/2023,1207.67,1197.33,1207.67,1195.86,1110000.00,0.01,
27/07/2023,1197.33,1200.84,1203.69,1191.08,1160000.00,0.00,
26/07/2023,1200.84,1195.90,1200.84,1195.44,912300.00,0.00,
25/07/2023,1195.90,1190.72,1199.27,1190.72,1000000.00,0.00,
24/07/2023,1190.72,1185.90,1193.22,1183.39,1040000.00,0.00,
21/07/2023,1185.90,1172.81,1185.90,1172.07,988090.00,0.01,
20/07/2023,1172.81,1172.98,1174.39,1166.62,796610.00,0.00,
19/07/2023,1172.98,1174.09,1178.55,1172.98,896650.00,0.00,
18/07/2023,1174.09,1173.13,1175.70,1170.04,837140.00,0.00,
17/07/2023,1173.13,1171.75,1174.89,1168.77,914620.00,0.00,
14/07/2023,1168.40,1165.42,1169.84,1156.28,1040000.00,0.00,
13/07/2023,1165.42,1154.20,1165.42,1154.20,806740.00,0.01,
12/7/2023,1154.20,1151.77,1157.43,1149.28,788160.00,0.00,
11/7/2023,1151.77,1149.02,1157.01,1149.02,936910.00,0.00,
10/7/2023,1149.02,1138.07,1149.02,1138.07,879430.00,0.01,
7/7/2023,1138.07,1126.22,1138.07,1122.94,798400.00,0.01,
6/7/2023,1126.22,1134.62,1135.81,1122.35,921110.00,-0.01,
5/7/2023,1134.62,1132.00,1138.67,1132.00,807030.00,0.00,
4/7/2023,1132.00,1125.50,1132.12,1123.49,701310.00,0.01,
3/7/2023,1125.50,1120.18,1128.35,1120.18,558380.00,0.00,
30/06/2023,1120.18,1125.39,1126.33,1120.01,617530.00,0.00,
29/06/2023,1125.39,1139.42,1140.43,1125.39,906890.00,-0.01,
28/06/2023,1138.35,1134.33,1140.56,1131.86,892140.00,0.00,
27/06/2023,1134.33,1132.03,1136.49,1128.82,722000.00,0.00,
26/06/2023,1132.03,1129.38,1134.00,1119.95,1040000.00,0.00,
23/06/2023,1129.38,1125.30,1130.61,1122.62,906630.00,0.00,
22/06/2023,1125.30,1118.46,1127.54,1118.46,919320.00,0.01,
21/06/2023,1118.46,1112.73,1118.46,1110.65,875890.00,0.01,
20/06/2023,1111.72,1105.40,1111.72,1102.58,695590.00,0.01,
19/06/2023,1105.40,1115.22,1117.23,1104.73,811310.00,-0.01,
16/06/2023,1115.22,1116.97,1128.92,1112.51,1170000.00,0.00,
15/06/2023,1116.97,1117.42,1120.13,1112.11,716880.00,0.00,
14/06/2023,1117.42,1122.46,1129.49,1117.42,928600.00,0.00,
13/06/2023,1122.46,1116.02,1122.46,1116.02,943540.00,0.01,
12/6/2023,1116.02,1110.26,1116.02,1100.08,797980.00,0.01,
9/6/2023,1107.53,1101.32,1107.53,1097.23,902210.00,0.01,
8/6/2023,1101.32,1109.54,1115.14,1101.32,1320000.00,-0.01,
7/6/2023,1109.54,1108.31,1112.28,1104.26,1000000.00,0.00,
6/6/2023,1108.31,1097.82,1108.31,1097.82,842760.00,0.01,
5/6/2023,1097.82,1090.84,1103.81,1090.84,948360.00,0.01,
2/6/2023,1090.84,1084.19,1092.24,1083.36,1040000.00,0.01,
1/6/2023,1078.39,1075.17,1078.39,1071.61,856810.00,0.00,
31/05/2023,1075.17,1078.05,1079.11,1071.38,924360.00,0.00,
30/05/2023,1078.05,1074.98,1079.31,1071.01,922940.00,0.00,
29/05/2023,1074.98,1063.76,1077.18,1063.76,844880.00,0.01,
26/05/2023,1063.76,1064.63,1067.28,1063.76,640720.00,0.00,
25/05/2023,1064.63,1061.79,1065.50,1057.91,669530.00,0.00,
24/05/2023,1061.79,1065.85,1069.61,1060.60,794100.00,0.00,
23/05/2023,1065.85,1073.12,1073.96,1062.15,721990.00,0.00,
22/05/2023,1070.64,1067.07,1070.64,1065.88,711110.00,0.00,
19/05/2023,1067.07,1068.31,1070.15,1058.56,755490.00,0.00,
18/05/2023,1068.31,1060.44,1073.41,1060.44,649540.00,0.01,
17/05/2023,1060.44,1065.91,1069.95,1060.44,836830.00,-0.01,
16/05/2023,1065.91,1065.71,1069.27,1063.65,681380.00,0.00,
15/05/2023,1065.71,1066.90,1076.32,1065.71,834500.00,0.00,
12/5/2023,1066.90,1057.12,1066.90,1053.97,725830.00,0.01,
11/5/2023,1057.12,1058.26,1063.69,1056.72,708310.00,0.00,
10/5/2023,1058.26,1055.62,1058.67,1053.34,717420.00,0.00,
9/5/2023,1053.77,1055.42,1058.71,1052.68,564400.00,0.00,
8/5/2023,1053.44,1040.31,1053.44,1040.31,655530.00,0.01,
5/5/2023,1040.31,1040.61,1043.22,1036.69,547780.00,0.00,
4/5/2023,1040.61,1049.12,1049.12,1038.18,625810.00,-0.01,
28/04/2023,1049.12,1043.17,1049.12,1042.04,613140.00,0.01,
27/04/2023,1039.63,1040.80,1044.25,1037.62,511730.00,0.00,
26/04/2023,1040.80,1034.85,1040.80,1029.19,576780.00,0.01,
25/04/2023,1034.85,1045.87,1045.87,1032.49,539590.00,-0.01,
24/04/2023,1041.36,1042.91,1047.18,1038.36,556990.00,0.00,
21/04/2023,1042.91,1049.25,1050.40,1041.26,553030.00,-0.01,
20/04/2023,1049.25,1048.98,1051.86,1045.85,373750.00,0.00,
19/04/2023,1048.98,1055.02,1058.14,1047.47,569680.00,-0.01,
18/04/2023,1055.02,1053.81,1057.15,1050.89,539760.00,0.00,
17/04/2023,1053.81,1052.89,1054.72,1049.11,453790.00,0.00,
14/04/2023,1052.89,1064.30,1068.79,1052.89,786530.00,-0.01,
13/04/2023,1064.30,1069.45,1070.96,1062.26,673040.00,0.00,
12/4/2023,1069.45,1071.61,1072.70,1066.43,726160.00,0.00,
11/4/2023,1069.46,1065.35,1070.56,1056.90,697780.00,0.00,
10/4/2023,1065.35,1073.86,1075.54,1063.45,857460.00,0.00,
7/4/2023,1069.71,1070.91,1072.94,1063.70,646000.00,0.00,
6/4/2023,1070.91,1080.86,1084.52,1070.91,998760.00,-0.01,
5/4/2023,1080.86,1078.45,1080.86,1074.10,793750.00,0.00,
4/4/2023,1078.45,1079.28,1082.21,1075.10,803890.00,0.00,
3/4/2023,1079.28,1064.64,1079.28,1064.64,821310.00,0.01,
31/03/2023,1064.64,1059.44,1067.55,1059.44,639930.00,0.00,
30/03/2023,1059.44,1056.33,1066.23,1056.33,633980.00,0.00,
29/03/2023,1056.33,1054.29,1056.33,1048.26,460960.00,0.00,
28/03/2023,1054.29,1052.25,1059.83,1051.75,648100.00,0.00,
27/03/2023,1052.25,1047.78,1053.78,1041.99,556950.00,0.01,
24/03/2023,1046.79,1045.10,1052.29,1044.02,579740.00,0.00,
23/03/2023,1045.10,1040.54,1045.10,1030.93,431450.00,0.00,
22/03/2023,1040.54,1032.43,1042.84,1032.43,458780.00,0.01,
21/03/2023,1032.43,1023.10,1036.15,1017.05,474890.00,0.01,
20/03/2023,1023.10,1045.14,1045.14,1022.71,567360.00,-0.02,
17/03/2023,1045.14,1047.40,1055.42,1043.54,564930.00,0.00,
16/03/2023,1047.40,1062.19,1062.19,1043.65,532930.00,-0.01,
15/03/2023,1062.19,1040.13,1062.55,1040.13,622860.00,0.02,
14/03/2023,1040.13,1052.80,1052.80,1034.72,621190.00,-0.01,
13/03/2023,1052.80,1053.00,1055.58,1045.46,625070.00,0.00,
10/3/2023,1053.00,1055.95,1055.95,1046.31,508590.00,0.00,
9/3/2023,1055.95,1049.18,1060.56,1049.18,609040.00,0.01,
8/3/2023,1049.18,1037.84,1049.18,1027.80,510280.00,0.01,
7/3/2023,1037.84,1027.18,1043.92,1027.18,473170.00,0.01,
6/3/2023,1027.18,1024.77,1042.43,1024.77,421900.00,0.00,
3/3/2023,1024.77,1038.10,1041.82,1022.78,447720.00,-0.01,
2/3/2023,1037.61,1039.00,1043.80,1033.07,373160.00,0.00,
1/3/2023,1040.55,1024.68,1040.55,1013.37,523620.00,0.02,
28/02/2023,1024.68,1021.25,1034.36,1018.72,432960.00,0.00,
27/02/2023,1021.25,1039.56,1039.56,1017.55,588610.00,-0.02,
24/02/2023,1039.56,1053.66,1053.66,1034.66,430410.00,-0.01,
23/02/2023,1053.66,1054.28,1054.48,1030.58,720750.00,0.00,
22/02/2023,1054.28,1082.23,1082.23,1054.28,814010.00,-0.03,
21/02/2023,1082.23,1086.69,1095.10,1081.80,720350.00,0.00,
20/02/2023,1086.69,1059.74,1088.01,1059.56,682290.00,0.03,
17/02/2023,1059.31,1058.29,1062.25,1053.26,465080.00,0.00,
16/02/2023,1058.29,1048.20,1058.29,1047.45,475800.00,0.01,
15/02/2023,1048.20,1038.64,1051.89,1034.39,585760.00,0.01,
14/02/2023,1038.64,1043.70,1046.64,1032.76,395730.00,0.00,
13/02/2023,1043.70,1055.30,1055.30,1031.70,681320.00,-0.01,
10/2/2023,1055.30,1064.03,1066.28,1054.08,463940.00,-0.01,
9/2/2023,1064.03,1072.22,1075.20,1064.03,473850.00,-0.01,
8/2/2023,1072.22,1065.84,1079.51,1063.50,569320.00,0.01,
7/2/2023,1065.84,1089.29,1092.12,1065.18,673210.00,-0.02,
6/2/2023,1089.29,1077.15,1089.29,1067.24,527010.00,0.01,
3/2/2023,1077.15,1077.59,1081.89,1070.46,563830.00,0.00,
2/2/2023,1077.59,1075.97,1083.36,1070.81,634740.00,0.00,
1/2/2023,1075.97,1111.18,1116.96,1075.97,1030000.00,-0.03,
31/01/2023,1111.18,1102.57,1111.18,1088.25,748420.00,0.01,
30/01/2023,1102.57,1117.10,1118.46,1102.57,798680.00,-0.01,
27/01/2023,1117.10,1108.08,1124.30,1108.08,604930.00,0.01,
19/01/2023,1108.08,1098.28,1111.72,1094.46,617710.00,0.01,
18/01/2023,1098.28,1088.29,1100.39,1088.29,604200.00,0.01,
17/01/2023,1088.29,1066.68,1088.29,1066.68,673930.00,0.02,
16/01/2023,1066.68,1060.17,1067.74,1057.87,520790.00,0.01,
13/01/2023,1060.17,1056.39,1066.39,1055.23,670230.00,0.00,
12/1/2023,1056.39,1055.76,1060.97,1050.27,506470.00,0.00,
11/1/2023,1055.76,1053.35,1065.69,1053.35,545180.00,0.00,
10/1/2023,1053.35,1054.21,1057.44,1045.75,546260.00,0.00,
9/1/2023,1054.21,1058.28,1062.12,1050.95,475200.00,0.00,
6/1/2023,1051.44,1055.82,1065.58,1047.26,698500.00,0.00,
5/1/2023,1055.82,1048.17,1058.14,1046.64,535050.00,0.01,
4/1/2023,1046.35,1043.90,1052.60,1041.56,647730.00,0.00,
3/1/2023,1043.90,1007.09,1043.90,1007.09,551330.00,0.04,
30/12/2022,1007.09,1009.29,1017.99,1007.09,407140.00,0.00,
29/12/2022,1009.29,1015.66,1021.96,1009.29,462660.00,-0.01,
28/12/2022,1015.66,1004.57,1020.52,998.97,590450.00,0.01,
27/12/2022,1004.57,985.21,1007.88,983.67,593360.00,0.02,
26/12/2022,985.21,1020.34,1021.89,985.21,623490.00,-0.03,
23/12/2022,1020.34,1022.61,1027.34,1013.20,544110.00,0.00,
22/12/2022,1022.61,1018.88,1033.18,1016.54,714220.00,0.00,
21/12/2022,1018.88,1033.34,1033.84,1005.43,857330.00,0.00,
20/12/2022,1023.13,1038.40,1038.74,1010.08,1080000.00,-0.01,
19/12/2022,1038.40,1052.48,1065.59,1038.40,988840.00,-0.01,
16/12/2022,1052.48,1055.32,1064.79,1047.16,881530.00,0.00,
15/12/2022,1055.32,1049.16,1062.61,1049.06,731120.00,0.00,
14/12/2022,1050.43,1047.45,1062.18,1046.43,792040.00,0.00,
13/12/2022,1047.45,1032.07,1047.45,1026.30,798740.00,0.01,
12/12/2022,1032.07,1051.81,1065.16,1032.07,909570.00,-0.02,
9/12/2022,1051.81,1050.53,1061.21,1041.39,788200.00,0.00,
8/12/2022,1050.53,1041.02,1078.09,1041.02,916990.00,0.01,
7/12/2022,1041.02,1048.69,1059.79,1034.92,920940.00,-0.01,
6/12/2022,1048.69,1093.67,1093.67,1048.69,1480000.00,-0.04,
5/12/2022,1093.67,1080.01,1099.45,1080.01,1260000.00,0.01,
2/12/2022,1080.01,1036.28,1080.01,1030.81,1090000.00,0.04,
1/12/2022,1036.28,1048.42,1066.28,1035.62,1340000.00,-0.01,
30/11/2022,1048.42,1032.16,1048.42,1021.54,1140000.00,0.02,
29/11/2022,1032.16,1005.69,1032.16,998.56,1180000.00,0.03,
28/11/2022,1005.69,971.46,1006.22,971.46,973790.00,0.04,
25/11/2022,971.46,947.71,971.46,947.71,622500.00,0.03,
24/11/2022,947.71,946.00,950.03,934.31,543140.00,0.00,
23/11/2022,946.00,952.12,958.61,942.02,542120.00,-0.01,
22/11/2022,952.12,960.65,985.28,948.52,1050000.00,-0.01,
21/11/2022,960.65,969.33,973.19,956.77,597720.00,-0.01,
18/11/2022,969.33,969.26,971.77,939.73,960580.00,0.00,
17/11/2022,969.26,942.90,972.88,942.90,724460.00,0.03,
16/11/2022,942.90,911.90,945.42,873.78,1050000.00,0.03,
15/11/2022,911.90,941.04,941.04,900.17,692340.00,-0.03,
14/11/2022,941.04,954.53,954.53,923.53,666060.00,-0.01,
11/11/2022,954.53,947.24,966.70,947.24,736490.00,0.01,
10/11/2022,947.24,975.97,976.31,935.78,698760.00,-0.04,
9/11/2022,985.59,981.65,994.79,977.93,583060.00,0.00,
8/11/2022,981.65,975.19,981.86,956.97,660720.00,0.01,
7/11/2022,975.19,997.15,997.15,969.61,646850.00,-0.02,
4/11/2022,997.15,1008.23,1009.96,974.61,753110.00,-0.02,
3/11/2022,1019.81,1023.19,1023.95,1010.65,442890.00,0.00,
2/11/2022,1023.19,1033.75,1034.73,1018.64,578230.00,-0.01,
1/11/2022,1033.75,1027.94,1043.53,1027.39,613980.00,0.01,
31/10/2022,1027.94,1028.24,1030.32,1005.00,662040.00,0.00,
28/10/2022,1027.36,1028.01,1044.57,1026.53,654700.00,0.00,
27/10/2022,1028.01,993.36,1028.01,990.48,647720.00,0.03,
26/10/2022,993.36,997.70,1004.55,984.71,448280.00,0.00,
25/10/2022,997.70,986.15,1011.39,962.45,751180.00,0.01,
24/10/2022,986.15,1019.82,1023.51,977.41,654950.00,-0.03,
21/10/2022,1019.82,1058.45,1059.09,1013.69,742100.00,-0.04,
20/10/2022,1058.45,1056.14,1065.28,1048.21,398330.00,0.00,
19/10/2022,1060.07,1063.66,1065.99,1052.29,400660.00,0.00,
18/10/2022,1063.66,1051.58,1071.74,1051.58,514840.00,0.01,
17/10/2022,1051.58,1061.85,1061.85,1033.59,497420.00,-0.01,
14/10/2022,1061.85,1050.99,1068.12,1050.99,641480.00,0.01,
13/10/2022,1050.99,1034.81,1050.99,1025.04,477330.00,0.02,
12/10/2022,1034.81,1006.20,1039.44,1002.89,616140.00,0.03,
11/10/2022,1006.20,1042.48,1042.48,998.64,672100.00,-0.03,
10/10/2022,1042.48,1035.91,1051.02,1012.94,692980.00,0.01,
7/10/2022,1035.91,1074.52,1074.52,1022.38,877310.00,-0.04,
6/10/2022,1074.52,1104.26,1106.97,1072.57,545820.00,-0.03,
5/10/2022,1104.26,1078.14,1110.21,1078.14,451940.00,0.02,
4/10/2022,1078.14,1086.44,1100.42,1069.74,582820.00,-0.01,
3/10/2022,1086.44,1132.11,1132.11,1079.86,554150.00,-0.04,
30/09/2022,1132.11,1126.07,1135.47,1099.44,729670.00,0.01,
29/09/2022,1126.07,1143.62,1159.49,1126.07,491470.00,-0.02,
28/09/2022,1143.62,1166.54,1166.54,1142.79,527700.00,-0.02,
27/09/2022,1166.54,1174.35,1180.75,1166.44,466620.00,-0.01,
26/09/2022,1174.35,1203.28,1203.28,1159.12,757090.00,-0.02,
23/09/2022,1203.28,1214.70,1216.59,1201.45,485380.00,-0.01,
22/09/2022,1214.70,1210.55,1214.70,1196.64,473560.00,0.00,
21/09/2022,1210.55,1218.93,1218.93,1204.68,391710.00,-0.01,
20/09/2022,1218.93,1212.08,1218.93,1199.71,473890.00,0.01,
19/09/2022,1205.43,1234.03,1234.03,1202.07,701960.00,-0.02,
16/09/2022,1234.03,1245.66,1246.17,1230.37,632370.00,-0.01,
15/09/2022,1245.66,1240.77,1250.93,1240.77,429840.00,0.00,
14/09/2022,1240.77,1248.40,1248.40,1228.51,607860.00,-0.01,
13/09/2022,1248.40,1249.62,1252.35,1243.87,473970.00,0.00,
12/9/2022,1249.62,1248.78,1257.80,1248.78,410190.00,0.00,
9/9/2022,1248.78,1234.60,1248.78,1228.54,586030.00,0.01,
8/9/2022,1234.60,1243.17,1251.36,1234.60,599610.00,-0.01,
7/9/2022,1243.17,1277.40,1277.40,1243.17,852270.00,-0.03,
6/9/2022,1277.40,1279.58,1286.92,1277.40,581460.00,0.00,
5/9/2022,1277.35,1280.51,1285.70,1275.35,524680.00,0.00,
31/08/2022,1280.51,1279.39,1285.29,1274.99,499310.00,0.00,
30/08/2022,1279.39,1270.80,1287.65,1270.80,526100.00,0.01,
29/08/2022,1270.80,1282.57,1282.57,1249.17,845900.00,-0.01,
26/08/2022,1282.57,1291.29,1295.12,1280.05,668960.00,0.00,
25/08/2022,1288.88,1277.16,1289.18,1277.16,623970.00,0.01,
24/08/2022,1277.16,1270.81,1280.36,1270.81,601890.00,0.01,
23/08/2022,1270.81,1260.43,1270.81,1253.45,564720.00,0.01,
22/08/2022,1260.43,1269.18,1270.57,1255.83,619450.00,-0.01,
19/08/2022,1269.18,1273.66,1280.00,1263.45,607620.00,0.00,
18/08/2022,1273.66,1275.28,1283.15,1268.64,599080.00,0.00,
17/08/2022,1275.28,1274.69,1280.61,1271.97,712250.00,0.00,
16/08/2022,1274.69,1274.20,1275.93,1271.11,617720.00,0.00,
15/08/2022,1274.20,1262.33,1274.24,1262.33,634200.00,0.01,
12/8/2022,1262.33,1252.07,1262.33,1248.65,542040.00,0.01,
11/8/2022,1252.07,1256.50,1268.03,1245.85,810550.00,0.00,
10/8/2022,1256.50,1258.85,1260.36,1253.89,651760.00,0.00,
9/8/2022,1258.85,1256.75,1263.14,1252.84,721640.00,0.00,
8/8/2022,1256.75,1252.36,1258.84,1252.04,699340.00,0.00,
5/8/2022,1252.74,1250.25,1253.75,1245.05,698640.00,0.00,
4/8/2022,1254.15,1249.76,1257.38,1247.38,724750.00,0.00,
3/8/2022,1249.76,1241.62,1250.20,1232.41,789520.00,0.01,
2/8/2022,1241.62,1231.35,1241.91,1224.11,817690.00,0.01,
1/8/2022,1231.35,1206.33,1231.35,1206.33,708710.00,0.02,
29/07/2022,1206.33,1208.12,1217.84,1206.33,590320.00,0.00,
28/07/2022,1208.12,1191.04,1214.03,1191.04,668860.00,0.01,
27/07/2022,1191.04,1185.07,1191.04,1178.58,445140.00,0.01,
26/07/2022,1185.07,1188.50,1194.15,1184.44,434800.00,0.00,
25/07/2022,1188.50,1191.43,1198.16,1184.32,437850.00,-0.01,
22/07/2022,1194.76,1198.47,1202.69,1194.76,477950.00,0.00,
21/07/2022,1198.47,1194.14,1201.91,1194.14,530310.00,0.00,
20/07/2022,1194.14,1178.33,1198.63,1178.33,648000.00,0.01,
19/07/2022,1178.33,1176.49,1180.46,1168.99,532690.00,0.00,
18/07/2022,1176.49,1179.25,1184.93,1174.70,523730.00,0.00,
15/07/2022,1179.25,1182.17,1189.66,1178.12,604010.00,0.00,
14/07/2022,1182.17,1173.92,1182.17,1170.04,534740.00,0.01,
13/07/2022,1173.92,1173.46,1182.21,1170.92,564000.00,0.00,
12/7/2022,1174.82,1155.29,1174.82,1153.55,525110.00,0.02,
11/7/2022,1155.29,1171.31,1171.31,1144.55,538710.00,-0.01,
8/7/2022,1171.31,1166.48,1177.18,1164.23,476370.00,0.00,
7/7/2022,1166.48,1149.61,1166.48,1142.80,411790.00,0.01,
6/7/2022,1149.61,1181.29,1181.29,1147.63,556460.00,-0.03,
5/7/2022,1181.29,1195.53,1200.99,1181.29,612000.00,-0.01,
4/7/2022,1195.53,1206.47,1208.96,1192.63,442820.00,0.00,
1/7/2022,1198.90,1197.60,1202.41,1170.95,534070.00,0.00,
30/06/2022,1197.60,1218.09,1220.51,1197.60,510220.00,-0.02,
29/06/2022,1218.09,1218.10,1219.58,1207.38,560590.00,0.00,
28/06/2022,1218.10,1202.82,1221.74,1198.99,588390.00,0.01,
27/06/2022,1202.82,1185.48,1203.51,1185.48,526960.00,0.01,
24/06/2022,1185.48,1188.88,1196.85,1185.48,478690.00,0.00,
23/06/2022,1188.88,1169.27,1188.88,1162.06,440780.00,0.02,
22/06/2022,1169.27,1172.47,1185.86,1162.98,592480.00,0.00,
21/06/2022,1172.47,1180.40,1189.97,1162.94,694930.00,-0.01,
20/06/2022,1180.40,1218.37,1221.60,1180.40,669550.00,-0.03,
17/06/2022,1217.30,1236.63,1236.63,1191.92,738580.00,-0.02,
16/06/2022,1236.63,1213.93,1246.32,1213.93,561690.00,0.02,
15/06/2022,1213.93,1230.31,1235.56,1195.19,688120.00,-0.01,
14/06/2022,1230.31,1227.04,1239.36,1211.13,560890.00,0.00,
13/06/2022,1227.04,1284.08,1284.08,1226.01,733450.00,-0.04,
10/6/2022,1284.08,1307.80,1309.59,1284.08,603290.00,-0.02,
9/6/2022,1307.80,1307.91,1312.44,1300.85,465660.00,0.00,
8/6/2022,1307.91,1291.35,1316.78,1291.35,584570.00,0.01,
7/6/2022,1291.35,1290.01,1291.35,1260.92,670870.00,0.00,
6/6/2022,1290.01,1287.98,1302.14,1281.95,589890.00,0.00,
3/6/2022,1287.98,1288.62,1292.78,1276.37,473810.00,0.00,
2/6/2022,1288.62,1299.52,1302.66,1283.32,572550.00,-0.01,
1/6/2022,1299.52,1292.68,1302.25,1286.01,573630.00,0.01,
31/05/2022,1292.68,1293.92,1297.64,1280.44,591090.00,0.00,
30/05/2022,1293.92,1285.45,1296.22,1281.27,587230.00,0.01,
27/05/2022,1285.45,1268.57,1286.99,1268.57,607220.00,0.01,
26/05/2022,1268.57,1268.43,1278.11,1261.55,541910.00,0.00,
25/05/2022,1268.43,1233.38,1268.43,1233.38,655240.00,0.03,
24/05/2022,1233.38,1218.81,1233.38,1203.28,528480.00,0.01,
23/05/2022,1218.81,1240.71,1246.58,1207.99,557430.00,-0.02,
20/05/2022,1240.71,1241.64,1252.96,1232.33,504690.00,0.00,
19/05/2022,1241.64,1240.76,1246.66,1210.43,496730.00,0.00,
18/05/2022,1240.76,1228.37,1249.84,1222.92,566360.00,0.01,
17/05/2022,1228.37,1171.95,1228.37,1156.54,583960.00,0.05,
16/05/2022,1171.95,1182.77,1215.96,1170.59,584390.00,-0.01,
13/05/2022,1182.77,1238.84,1238.84,1180.60,816990.00,-0.05,
12/5/2022,1238.84,1301.53,1301.53,1238.05,557890.00,-0.05,
11/5/2022,1301.53,1293.56,1305.17,1277.91,418230.00,0.01,
10/5/2022,1293.56,1269.62,1293.56,1232.57,665480.00,0.02,
9/5/2022,1269.62,1329.26,1329.26,1265.54,673760.00,-0.04,
6/5/2022,1329.26,1360.68,1360.68,1328.13,564070.00,-0.02,
5/5/2022,1360.68,1348.68,1362.18,1331.41,531080.00,0.01,
4/5/2022,1348.68,1366.11,1366.39,1348.68,528290.00,-0.01,
29/04/2022,1366.80,1350.99,1369.31,1343.24,598400.00,0.01,
28/04/2022,1350.99,1353.77,1358.07,1344.10,485120.00,0.00,
27/04/2022,1353.77,1341.34,1355.92,1314.81,519560.00,0.01,
26/04/2022,1341.34,1310.92,1341.34,1261.40,727650.00,0.02,
25/04/2022,1310.92,1379.23,1382.13,1298.38,762880.00,-0.05,
22/04/2022,1379.23,1370.21,1392.89,1352.43,834410.00,0.01,
21/04/2022,1370.21,1384.72,1392.33,1356.58,810670.00,-0.01,
20/04/2022,1384.72,1401.63,1410.64,1384.72,688330.00,-0.02,
19/04/2022,1406.45,1432.60,1442.04,1406.45,702350.00,-0.02,
18/04/2022,1432.60,1458.56,1458.56,1425.07,827690.00,-0.02,
15/04/2022,1458.56,1472.12,1478.95,1456.39,659470.00,-0.01,
14/04/2022,1472.12,1477.20,1484.34,1471.75,523370.00,0.00,
13/04/2022,1477.20,1455.25,1477.20,1448.52,674790.00,0.02,
12/4/2022,1455.25,1482.00,1490.58,1455.25,680060.00,-0.02,
8/4/2022,1482.00,1502.35,1507.73,1482.00,763560.00,-0.01,
7/4/2022,1502.35,1522.90,1524.92,1502.35,795130.00,-0.01,
6/4/2022,1522.90,1520.03,1523.75,1507.62,944040.00,0.00,
5/4/2022,1520.03,1524.70,1527.57,1519.28,703530.00,0.00,
4/4/2022,1524.70,1516.44,1530.95,1516.44,779580.00,0.01,
1/4/2022,1516.44,1492.15,1516.87,1484.13,967670.00,0.02,
31/03/2022,1492.15,1490.51,1498.41,1488.27,684540.00,0.00,
30/03/2022,1490.51,1497.76,1503.89,1483.90,901490.00,0.00,
29/03/2022,1497.76,1483.18,1498.45,1483.18,737940.00,0.01,
28/03/2022,1483.18,1498.50,1498.50,1473.80,1070000.00,-0.01,
25/03/2022,1498.50,1500.17,1503.29,1494.55,768940.00,0.00,
24/03/2022,1498.26,1502.34,1505.39,1495.18,784910.00,0.00,
23/03/2022,1502.34,1503.78,1513.90,1501.67,861130.00,0.00,
22/03/2022,1503.78,1494.95,1507.71,1494.95,947700.00,0.01,
21/03/2022,1494.95,1474.78,1494.95,1474.38,792160.00,0.02,
18/03/2022,1469.10,1461.34,1474.86,1461.34,795730.00,0.01,
17/03/2022,1461.34,1459.33,1467.74,1459.14,717440.00,0.00,
16/03/2022,1459.33,1452.74,1462.98,1452.74,624220.00,0.00,
15/03/2022,1452.74,1446.25,1453.07,1437.27,675630.00,0.00,
14/03/2022,1446.25,1466.54,1466.54,1439.19,858570.00,-0.01,
11/3/2022,1466.54,1479.08,1480.29,1458.88,878190.00,-0.01,
10/3/2022,1479.08,1473.74,1488.59,1473.74,649940.00,0.00,
9/3/2022,1473.74,1473.71,1482.86,1462.80,930300.00,0.00,
8/3/2022,1473.71,1499.05,1499.05,1473.71,1040000.00,-0.02,
7/3/2022,1499.05,1505.33,1505.33,1493.87,981720.00,0.00,
4/3/2022,1505.33,1505.00,1509.19,1501.39,928920.00,0.00,
3/3/2022,1505.00,1485.52,1505.00,1485.52,929210.00,0.01,
2/3/2022,1485.52,1499.37,1500.41,1479.55,941550.00,-0.01,
1/3/2022,1498.78,1490.13,1501.73,1490.13,842430.00,0.01,
28/02/2022,1490.13,1498.89,1502.36,1487.57,729790.00,-0.01,
25/02/2022,1498.89,1494.85,1512.05,1494.85,768010.00,0.00,
24/02/2022,1494.85,1512.30,1513.25,1473.76,1160000.00,-0.01,
23/02/2022,1512.30,1503.47,1520.78,1503.47,694650.00,0.01,
22/02/2022,1503.47,1510.84,1510.84,1484.81,908050.00,0.00,
21/02/2022,1510.84,1504.84,1516.63,1500.97,791920.00,0.00,
18/02/2022,1504.84,1507.99,1507.99,1492.38,697550.00,0.00,
17/02/2022,1507.99,1492.10,1507.99,1492.10,615790.00,0.01,
16/02/2022,1492.10,1492.75,1499.50,1486.68,702520.00,0.00,
15/02/2022,1492.75,1471.96,1495.56,1470.06,606420.00,0.01,
14/02/2022,1471.96,1501.71,1501.71,1471.96,810720.00,-0.02,
11/2/2022,1501.71,1506.79,1508.54,1499.06,636280.00,0.00,
10/2/2022,1506.79,1510.66,1512.88,1495.70,680250.00,0.00,
9/2/2022,1505.38,1500.99,1511.72,1499.53,794740.00,0.00,
8/2/2022,1500.99,1497.66,1503.33,1491.78,734760.00,0.00,
7/2/2022,1497.66,1478.96,1505.69,1478.96,578170.00,0.01,
28/01/2022,1478.96,1470.76,1484.48,1465.22,702680.00,0.01,
27/01/2022,1470.76,1481.58,1486.39,1464.06,564600.00,-0.01,
26/01/2022,1481.58,1479.58,1490.45,1478.41,813180.00,0.00,
25/01/2022,1479.58,1439.71,1479.58,1424.36,751390.00,0.03,
24/01/2022,1439.71,1472.89,1472.89,1432.18,828130.00,-0.02,
21/01/2022,1472.89,1465.30,1477.23,1463.06,811350.00,0.01,
20/01/2022,1465.30,1442.79,1469.08,1432.58,785760.00,0.02,
19/01/2022,1442.79,1438.94,1449.11,1434.46,637630.00,0.00,
18/01/2022,1438.94,1452.84,1452.84,1424.65,739290.00,-0.01,
17/01/2022,1452.84,1496.02,1503.86,1452.84,987100.00,-0.03,
14/01/2022,1496.02,1496.05,1503.25,1476.68,785610.00,0.00,
13/01/2022,1496.05,1510.51,1522.60,1495.13,995820.00,-0.01,
12/1/2022,1510.51,1489.11,1510.51,1464.49,1130000.00,0.01,
11/1/2022,1492.31,1503.71,1512.05,1488.40,1250000.00,-0.01,
10/1/2022,1503.71,1528.48,1536.45,1503.71,1380000.00,-0.02,
7/1/2022,1528.48,1534.10,1534.52,1524.96,1030000.00,0.00,
6/1/2022,1528.57,1522.50,1536.24,1518.18,1130000.00,0.00,
5/1/2022,1522.50,1525.58,1535.82,1522.50,1060000.00,0.00,
4/1/2022,1525.58,1508.55,1526.69,1507.19,891300.00,0.02,
31/12/2021,1498.28,1485.97,1499.07,1485.97,875730.00,0.01,
30/12/2021,1485.97,1490.96,1493.38,1484.82,747860.00,0.00,
29/12/2021,1485.82,1494.39,1498.91,1485.82,843880.00,-0.01,
28/12/2021,1494.39,1488.88,1499.77,1483.97,1000000.00,0.00,
27/12/2021,1488.88,1477.03,1490.12,1469.91,752110.00,0.01,
24/12/2021,1477.03,1456.96,1478.80,1456.32,889480.00,0.01,
23/12/2021,1456.96,1477.67,1481.21,1447.14,1360000.00,-0.01,
22/12/2021,1477.67,1478.74,1489.24,1471.84,1070000.00,0.00,
21/12/2021,1478.74,1477.33,1486.09,1472.43,902840.00,0.00,
20/12/2021,1477.33,1479.79,1483.85,1468.88,963350.00,0.00,
17/12/2021,1479.79,1476.61,1487.73,1476.61,1110000.00,0.00,
16/12/2021,1476.61,1475.50,1482.32,1468.95,927540.00,0.00,
15/12/2021,1475.50,1476.02,1481.67,1468.21,906080.00,0.00,
14/12/2021,1476.02,1476.21,1485.14,1469.21,964110.00,0.00,
13/12/2021,1476.21,1463.54,1481.70,1463.54,865580.00,0.01,
10/12/2021,1463.54,1467.98,1475.85,1461.78,798290.00,0.00,
9/12/2021,1467.98,1452.87,1467.98,1446.88,665460.00,0.01,
8/12/2021,1452.87,1446.77,1460.28,1446.77,771030.00,0.00,
7/12/2021,1446.77,1413.58,1446.77,1413.58,755910.00,0.02,
6/12/2021,1413.58,1443.32,1452.55,1400.87,1040000.00,-0.02,
3/12/2021,1443.32,1482.05,1491.20,1443.32,1100000.00,-0.03,
2/12/2021,1482.05,1485.19,1493.84,1482.05,763960.00,0.00,
1/12/2021,1485.19,1478.44,1487.68,1471.30,876730.00,0.00,
30/11/2021,1478.44,1484.84,1503.09,1471.57,1080000.00,0.00,
29/11/2021,1484.84,1493.03,1493.03,1464.83,1010000.00,-0.01,
26/11/2021,1493.03,1500.81,1511.68,1488.83,1060000.00,-0.01,
25/11/2021,1500.81,1488.87,1505.36,1488.87,1010000.00,0.01,
24/11/2021,1488.87,1463.63,1491.05,1463.63,1120000.00,0.02,
23/11/2021,1463.63,1447.25,1463.63,1438.41,880070.00,0.01,
22/11/2021,1447.25,1452.35,1466.46,1442.85,1270000.00,0.00,
19/11/2021,1452.35,1469.83,1481.53,1434.69,1520000.00,-0.01,
18/11/2021,1469.83,1475.85,1482.87,1469.83,1090000.00,0.00,
17/11/2021,1475.85,1466.45,1477.04,1464.78,860800.00,0.01,
16/11/2021,1466.45,1476.57,1476.97,1459.08,1220000.00,-0.01,
15/11/2021,1476.57,1473.37,1481.96,1466.01,1170000.00,0.00,
12/11/2021,1473.37,1462.35,1474.98,1453.22,955630.00,0.01,
11/11/2021,1462.35,1465.02,1472.89,1449.18,1270000.00,0.00,
10/11/2021,1465.02,1461.50,1470.19,1457.98,985540.00,0.00,
9/11/2021,1461.50,1467.57,1474.20,1457.57,1030000.00,0.00,
8/11/2021,1467.57,1456.51,1470.49,1456.51,1080000.00,0.01,
5/11/2021,1456.51,1448.34,1459.93,1444.51,874070.00,0.01,
4/11/2021,1448.34,1444.30,1451.98,1435.84,929530.00,0.00,
3/11/2021,1444.30,1452.46,1463.63,1440.67,1510000.00,-0.01,
2/11/2021,1452.46,1438.97,1452.46,1438.83,1010000.00,0.01,
1/11/2021,1438.97,1444.27,1451.81,1435.57,1130000.00,0.00,
29/10/2021,1444.27,1438.01,1447.62,1432.19,982010.00,0.00,
28/10/2021,1438.01,1423.02,1440.64,1420.42,865430.00,0.01,
27/10/2021,1423.02,1391.63,1423.02,1391.63,936220.00,0.02,
26/10/2021,1391.63,1385.40,1393.03,1377.56,747950.00,0.00,
25/10/2021,1385.40,1389.24,1395.72,1385.40,899260.00,0.00,
22/10/2021,1389.24,1384.77,1393.70,1384.77,798130.00,0.00,
21/10/2021,1384.77,1393.80,1398.45,1384.77,709070.00,-0.01,
20/10/2021,1393.80,1395.33,1401.76,1376.15,845890.00,0.00,
19/10/2021,1395.33,1395.53,1399.66,1388.95,639440.00,0.00,
18/10/2021,1395.53,1392.70,1402.63,1390.88,795920.00,0.00,
15/10/2021,1392.70,1391.85,1399.03,1388.00,784560.00,0.00,
14/10/2021,1391.85,1391.91,1398.67,1388.89,725510.00,0.00,
13/10/2021,1391.91,1394.80,1400.67,1389.61,645350.00,0.00,
12/10/2021,1394.80,1394.09,1400.78,1389.43,742810.00,0.00,
11/10/2021,1394.09,1372.73,1394.64,1372.73,764350.00,0.02,
8/10/2021,1372.73,1365.99,1373.18,1365.93,632860.00,0.00,
7/10/2021,1365.99,1362.82,1367.64,1360.57,693030.00,0.00,
6/10/2021,1362.82,1354.63,1362.82,1354.63,637000.00,0.01,
5/10/2021,1354.63,1339.54,1354.63,1339.54,636270.00,0.01,
4/10/2021,1339.54,1334.89,1347.49,1333.53,736080.00,0.00,
1/10/2021,1334.89,1342.06,1344.06,1332.97,738170.00,-0.01,
30/09/2021,1342.06,1339.21,1348.89,1339.21,438290.00,0.00,
29/09/2021,1339.21,1339.31,1340.90,1328.17,598500.00,0.00,
28/09/2021,1339.31,1324.99,1341.81,1316.41,623510.00,0.01,
27/09/2021,1324.99,1351.17,1354.38,1324.99,778440.00,-0.02,
24/09/2021,1351.17,1352.76,1356.97,1348.07,673100.00,0.00,
23/09/2021,1352.76,1350.68,1361.09,1350.43,997610.00,0.00,
22/09/2021,1350.68,1339.84,1350.71,1336.63,779650.00,0.01,
21/09/2021,1339.84,1350.48,1350.48,1324.82,859680.00,-0.01,
20/09/2021,1350.48,1352.64,1365.92,1349.18,895460.00,0.00,
17/09/2021,1352.64,1345.87,1356.45,1345.87,852780.00,0.01,
16/09/2021,1345.87,1345.83,1353.12,1341.23,599770.00,0.00,
15/09/2021,1345.83,1339.70,1347.70,1334.97,692090.00,0.00,
14/09/2021,1339.70,1341.43,1349.13,1336.84,730450.00,0.00,
13/09/2021,1341.43,1345.31,1350.69,1340.50,775470.00,0.00,
10/9/2021,1345.31,1343.98,1350.43,1343.98,598730.00,0.00,
9/9/2021,1343.98,1333.61,1345.59,1332.67,642570.00,0.01,
8/9/2021,1333.61,1341.90,1344.49,1328.35,626080.00,-0.01,
7/9/2021,1341.90,1346.39,1353.66,1340.32,869380.00,0.00,
6/9/2021,1346.39,1334.65,1348.36,1334.65,944410.00,0.01,
1/9/2021,1334.65,1331.47,1338.02,1328.13,719960.00,0.00,
31/08/2021,1331.47,1328.14,1336.14,1325.69,733830.00,0.00,
30/08/2021,1328.14,1313.20,1329.62,1313.20,676540.00,0.01,
27/08/2021,1313.20,1301.12,1313.20,1285.16,685060.00,0.01,
26/08/2021,1301.12,1309.55,1316.26,1295.77,524290.00,-0.01,
25/08/2021,1309.55,1298.74,1310.16,1291.70,522870.00,0.01,
24/08/2021,1298.74,1298.86,1307.56,1289.16,714270.00,0.00,
23/08/2021,1298.86,1329.43,1329.43,1298.86,795070.00,-0.02,
20/08/2021,1329.43,1374.85,1374.85,1317.52,1210000.00,-0.03,
19/08/2021,1374.85,1360.94,1374.85,1352.94,728170.00,0.01,
18/08/2021,1360.94,1363.09,1370.50,1355.83,689780.00,0.00,
17/08/2021,1363.09,1370.96,1379.70,1359.11,768610.00,-0.01,
16/08/2021,1370.96,1357.05,1372.33,1357.05,827710.00,0.01,
13/08/2021,1357.05,1353.05,1357.41,1336.74,744150.00,0.00,
12/8/2021,1353.05,1357.79,1365.01,1353.05,741560.00,0.00,
11/8/2021,1357.79,1362.43,1374.03,1357.79,806770.00,0.00,
10/8/2021,1362.43,1359.86,1370.35,1358.12,716540.00,0.00,
9/8/2021,1359.86,1341.45,1361.12,1334.69,688430.00,0.01,
6/8/2021,1341.45,1345.55,1351.85,1341.45,736160.00,0.00,
5/8/2021,1345.55,1334.74,1346.62,1326.80,635470.00,0.01,
4/8/2021,1334.74,1332.44,1340.76,1328.40,661800.00,0.00,
3/8/2021,1332.44,1314.22,1332.44,1314.22,647010.00,0.01,
2/8/2021,1314.22,1310.05,1322.35,1304.49,614530.00,0.00,
30/07/2021,1310.05,1293.60,1311.97,1293.60,644440.00,0.01,
29/07/2021,1293.60,1277.07,1293.60,1277.07,491060.00,0.01,
28/07/2021,1277.07,1276.93,1281.17,1271.78,406890.00,0.00,
27/07/2021,1276.93,1272.71,1288.35,1272.71,566750.00,0.00,
26/07/2021,1272.71,1268.83,1277.33,1254.57,508550.00,0.00,
23/07/2021,1268.83,1293.67,1295.63,1268.83,582250.00,-0.02,
22/07/2021,1293.67,1270.79,1294.16,1266.54,536410.00,0.02,
21/07/2021,1270.79,1273.29,1284.33,1266.71,451950.00,0.00,
20/07/2021,1273.29,1243.51,1273.29,1225.52,568600.00,0.02,
19/07/2021,1243.51,1299.31,1299.31,1237.79,731020.00,-0.04,
16/07/2021,1299.31,1293.92,1304.37,1293.92,415120.00,0.00,
15/07/2021,1293.92,1279.91,1299.18,1270.77,419140.00,0.01,
14/07/2021,1279.91,1297.54,1305.37,1264.68,547970.00,-0.01,
13/07/2021,1297.54,1296.30,1307.73,1278.30,500180.00,0.00,
12/7/2021,1296.30,1347.14,1347.14,1270.06,912740.00,-0.04,
9/7/2021,1347.14,1374.68,1374.68,1335.90,713990.00,-0.02,
8/7/2021,1374.68,1388.55,1388.55,1363.92,528830.00,-0.01,
7/7/2021,1388.55,1354.79,1388.55,1334.58,733800.00,0.02,
6/7/2021,1354.79,1411.13,1418.99,1354.79,773510.00,-0.04,
5/7/2021,1411.13,1420.27,1421.52,1394.12,774450.00,-0.01,
2/7/2021,1420.27,1422.89,1424.28,1415.82,706830.00,0.00,
1/7/2021,1417.08,1412.15,1417.27,1402.18,753560.00,0.01,
30/06/2021,1408.55,1410.83,1419.61,1408.18,595290.00,0.00,
29/06/2021,1410.04,1408.34,1416.34,1406.87,647390.00,0.00,
28/06/2021,1405.81,1397.96,1406.02,1390.56,699510.00,0.01,
25/06/2021,1390.12,1382.11,1390.12,1372.80,598110.00,0.01,
24/06/2021,1379.72,1376.87,1384.71,1372.99,591750.00,0.00,
23/06/2021,1376.87,1383.15,1388.33,1372.06,710770.00,0.00,
22/06/2021,1379.97,1380.84,1385.98,1375.00,746950.00,0.01,
21/06/2021,1372.63,1373.59,1381.74,1367.85,768180.00,0.00,
18/06/2021,1377.77,1366.19,1377.77,1363.52,809470.00,0.01,
17/06/2021,1359.92,1341.06,1364.55,1337.49,768730.00,0.00,
16/06/2021,1356.52,1363.85,1370.14,1350.73,769630.00,-0.01,
15/06/2021,1367.36,1361.58,1372.72,1356.59,730940.00,0.00,
14/06/2021,1361.72,1352.73,1368.53,1352.73,775730.00,0.01,
11/6/2021,1351.74,1326.79,1352.47,1322.08,731260.00,0.02,
10/6/2021,1323.58,1332.90,1336.71,1317.49,723490.00,-0.01,
9/6/2021,1332.90,1323.52,1339.14,1312.08,822290.00,0.01,
8/6/2021,1319.88,1355.36,1364.48,1318.11,924510.00,-0.03,
7/6/2021,1358.78,1374.59,1375.74,1347.21,876690.00,-0.01,
4/6/2021,1374.05,1367.06,1374.05,1360.42,943330.00,0.01,
3/6/2021,1364.28,1345.21,1366.00,1345.21,898880.00,0.02,
2/6/2021,1340.78,1337.78,1344.98,1330.82,805240.00,0.00,
1/6/2021,1337.78,1329.47,1346.34,1328.84,629420.00,0.01,
31/05/2021,1328.05,1326.65,1328.05,1307.56,737180.00,0.01,
28/05/2021,1320.46,1307.79,1323.09,1300.06,768850.00,0.01,
27/05/2021,1303.57,1318.42,1319.67,1299.99,733000.00,-0.01,
26/05/2021,1316.70,1308.04,1317.30,1304.68,713070.00,0.01,
25/05/2021,1308.58,1299.19,1308.58,1297.23,679060.00,0.01,
24/05/2021,1297.98,1287.50,1299.83,1287.36,715510.00,0.01,
21/05/2021,1283.93,1272.84,1289.03,1268.46,698930.00,0.00,
20/05/2021,1278.22,1264.62,1278.22,1255.78,745210.00,0.01,
19/05/2021,1262.49,1254.78,1262.71,1250.58,694350.00,0.01,
18/05/2021,1252.68,1259.57,1262.22,1249.02,692480.00,0.00,
17/05/2021,1258.70,1272.55,1277.83,1258.50,758290.00,-0.01,
14/05/2021,1266.36,1266.43,1271.45,1259.97,730990.00,0.00,
13/05/2021,1261.99,1262.98,1273.49,1261.99,711520.00,-0.01,
12/5/2021,1269.09,1251.97,1269.09,1249.18,700670.00,0.01,
11/5/2021,1256.04,1265.11,1272.55,1256.04,770090.00,0.00,
10/5/2021,1259.58,1239.96,1259.58,1236.85,773060.00,0.01,
7/5/2021,1241.81,1245.48,1250.50,1231.92,783040.00,-0.01,
6/5/2021,1250.57,1255.42,1261.49,1246.64,730500.00,0.00,
5/5/2021,1256.43,1244.69,1265.93,1244.69,744430.00,0.01,
4/5/2021,1242.20,1222.08,1242.80,1212.56,798490.00,0.00,
29/04/2021,1239.39,1234.91,1239.39,1231.25,647160.00,0.01,
28/04/2021,1229.55,1220.26,1230.91,1217.49,612700.00,0.01,
27/04/2021,1219.75,1213.84,1220.96,1204.14,618170.00,0.00,
26/04/2021,1215.77,1251.25,1251.25,1214.14,744950.00,-0.03,
23/04/2021,1248.53,1227.18,1248.53,1216.15,716520.00,0.02,
22/04/2021,1227.82,1264.31,1271.98,1227.82,770370.00,-0.03,
20/04/2021,1268.28,1267.74,1286.32,1261.28,843600.00,0.01,
19/04/2021,1260.58,1243.58,1260.58,1233.77,817130.00,0.02,
16/04/2021,1238.71,1245.06,1254.61,1227.14,986880.00,-0.01,
15/04/2021,1247.25,1262.25,1265.87,1247.25,806490.00,-0.01,
14/04/2021,1255.87,1240.90,1255.87,1233.01,861960.00,0.01,
13/04/2021,1248.33,1262.44,1268.02,1247.66,1030000.00,0.00,
12/4/2021,1252.45,1236.79,1252.45,1232.35,890310.00,0.02,
9/4/2021,1231.66,1231.51,1234.98,1227.60,732820.00,0.00,
8/4/2021,1234.89,1242.38,1246.40,1232.26,664510.00,-0.01,
7/4/2021,1242.38,1237.39,1242.38,1232.52,727820.00,0.00,
6/4/2021,1239.96,1233.37,1244.63,1231.14,694060.00,0.00,
5/4/2021,1236.05,1245.28,1245.28,1228.18,693040.00,0.01,
2/4/2021,1224.45,1225.76,1228.29,1221.07,661890.00,0.01,
1/4/2021,1216.10,1194.59,1217.26,1192.83,672840.00,0.02,
31/03/2021,1191.44,1186.36,1196.45,1186.36,703080.00,0.00,
30/03/2021,1186.36,1179.64,1187.29,1172.85,780730.00,0.01,
29/03/2021,1175.68,1169.65,1175.77,1165.78,660950.00,0.01,
26/03/2021,1162.21,1162.71,1165.76,1137.90,670460.00,0.00,
25/03/2021,1163.10,1164.41,1170.76,1154.44,690730.00,0.00,
24/03/2021,1161.81,1169.42,1174.20,1154.22,750480.00,-0.02,
23/03/2021,1183.45,1190.28,1191.47,1177.10,683720.00,-0.01,
22/03/2021,1194.43,1200.05,1200.21,1189.31,700870.00,0.00,
19/03/2021,1194.05,1195.47,1199.67,1191.96,680900.00,-0.01,
18/03/2021,1200.94,1196.60,1200.94,1191.94,628640.00,0.01,
17/03/2021,1186.09,1178.64,1186.09,1176.26,701090.00,0.01,
16/03/2021,1179.90,1184.91,1184.91,1171.76,683850.00,0.00,
15/03/2021,1184.56,1183.89,1186.06,1178.80,676960.00,0.00,
12/3/2021,1181.56,1185.21,1186.52,1178.14,624710.00,0.00,
11/3/2021,1181.73,1170.08,1183.73,1170.08,629100.00,0.01,
10/3/2021,1170.08,1163.86,1170.59,1154.89,723920.00,0.01,
9/3/2021,1161.97,1160.96,1166.42,1150.94,641430.00,-0.01,
8/3/2021,1168.27,1180.33,1181.25,1164.02,652700.00,0.00,
5/3/2021,1168.69,1164.19,1169.56,1155.60,594840.00,0.00,
4/3/2021,1168.52,1191.78,1191.90,1159.48,673450.00,-0.02,
3/3/2021,1186.95,1184.73,1189.18,1180.25,631670.00,0.00,
2/3/2021,1186.61,1196.16,1196.16,1181.99,577010.00,0.00,
1/3/2021,1186.17,1176.93,1186.82,1174.45,643380.00,0.02,
26/02/2021,1168.47,1148.88,1169.28,1148.88,554460.00,0.00,
25/02/2021,1165.43,1169.97,1169.97,1155.74,510430.00,0.00,
24/02/2021,1162.01,1184.32,1185.58,1154.36,603000.00,-0.01,
23/02/2021,1177.64,1174.57,1184.32,1168.32,598270.00,0.00,
22/02/2021,1175.04,1173.57,1182.67,1169.12,630040.00,0.00,
19/02/2021,1173.50,1160.65,1178.18,1157.60,578280.00,0.00,
18/02/2021,1174.38,1157.10,1174.38,1148.66,614820.00,0.02,
17/02/2021,1155.78,1127.46,1155.78,1127.46,568030.00,0.04,
9/2/2021,1114.93,1090.88,1114.93,1078.98,519810.00,0.03,
8/2/2021,1083.18,1127.06,1127.06,1075.10,696600.00,-0.04,
5/2/2021,1126.91,1114.79,1126.91,1112.19,529870.00,0.01,
4/2/2021,1112.19,1112.97,1117.88,1098.85,523410.00,0.00,
3/2/2021,1111.29,1084.87,1113.24,1082.95,703180.00,0.03,
2/2/2021,1075.53,1036.95,1075.53,1029.36,602620.00,0.04,
1/2/2021,1035.51,1056.61,1074.52,1035.51,634330.00,-0.02,
29/01/2021,1056.61,998.33,1076.11,998.33,797390.00,0.03,
28/01/2021,1023.94,1041.71,1052.16,1022.77,767870.00,-0.07,
27/01/2021,1097.17,1122.41,1132.99,1088.86,785700.00,-0.03,
26/01/2021,1136.12,1164.97,1164.97,1121.03,782270.00,-0.03,
25/01/2021,1166.05,1164.20,1172.18,1162.80,707240.00,0.00,
22/01/2021,1166.78,1166.77,1175.72,1161.43,758320.00,0.00,
21/01/2021,1164.21,1146.86,1164.21,1132.66,721920.00,0.03,
20/01/2021,1134.68,1136.50,1142.48,1098.05,839300.00,0.00,
19/01/2021,1131.00,1189.91,1189.91,1117.17,986190.00,-0.05,
18/01/2021,1191.94,1198.79,1200.85,1190.33,747420.00,0.00,
15/01/2021,1194.20,1188.84,1197.74,1188.84,783110.00,0.01,
14/01/2021,1187.40,1189.48,1190.50,1178.84,779340.00,0.00,
13/01/2021,1186.05,1197.32,1200.82,1183.18,819290.00,-0.01,
12/1/2021,1192.28,1190.38,1192.28,1179.24,719940.00,0.01,
11/1/2021,1184.89,1176.47,1186.45,1175.00,845850.00,0.01,
8/1/2021,1167.69,1164.10,1176.33,1160.48,808310.00,0.01,
7/1/2021,1156.49,1147.26,1156.49,1143.44,763740.00,0.01,
6/1/2021,1143.21,1139.12,1152.85,1133.70,790450.00,0.01,
5/1/2021,1132.55,1116.96,1134.45,1116.49,763430.00,0.01,
4/1/2021,1120.47,1113.77,1126.43,1113.59,764040.00,0.02,
31/12/2020,1103.87,1098.25,1105.33,1096.27,527820.00,0.01,
30/12/2020,1097.54,1099.78,1108.83,1094.91,676980.00,0.00,
29/12/2020,1099.49,1090.49,1102.79,1087.93,678820.00,0.01,
28/12/2020,1091.33,1094.37,1096.11,1083.90,723880.00,0.01,
25/12/2020,1084.42,1068.83,1084.42,1061.83,652810.00,0.02,
24/12/2020,1067.52,1083.83,1084.76,1046.89,757320.00,-0.01,
23/12/2020,1078.90,1087.89,1094.09,1077.92,813170.00,0.00,
22/12/2020,1083.45,1081.85,1084.23,1077.06,756110.00,0.00,
21/12/2020,1081.08,1071.62,1081.60,1070.86,713660.00,0.01,
18/12/2020,1067.46,1055.75,1068.56,1055.75,623640.00,0.01,
17/12/2020,1051.77,1065.85,1065.85,1051.42,667890.00,-0.01,
16/12/2020,1066.99,1058.34,1066.99,1057.21,591570.00,0.01,
15/12/2020,1055.27,1062.02,1067.45,1052.01,675180.00,-0.01,
14/12/2020,1064.09,1048.97,1064.09,1048.97,583590.00,0.02,
11/12/2020,1045.96,1033.19,1045.96,1030.06,463770.00,0.01,
10/12/2020,1030.91,1041.65,1044.10,1030.91,626450.00,-0.01,
9/12/2020,1039.13,1029.26,1039.55,1029.26,586050.00,0.01,
8/12/2020,1029.26,1029.98,1032.58,1025.63,527670.00,0.00,
7/12/2020,1029.98,1024.34,1030.41,1022.14,520340.00,0.01,
4/12/2020,1021.49,1019.80,1025.17,1018.67,553590.00,0.00,
3/12/2020,1019.80,1016.73,1020.35,1014.06,518910.00,0.01,
2/12/2020,1014.32,1008.77,1015.86,1007.91,684530.00,0.01,
1/12/2020,1008.87,988.71,1008.87,988.71,583310.00,0.01,
30/11/2020,1003.08,1011.82,1012.50,1002.61,532930.00,-0.01,
27/11/2020,1010.22,1006.68,1010.22,1004.00,446440.00,0.00,
26/11/2020,1005.97,999.24,1005.97,994.91,493560.00,0.01,
25/11/2020,999.94,1000.39,1002.31,996.80,475740.00,0.00,
24/11/2020,995.76,996.55,997.99,984.92,550070.00,0.00,
23/11/2020,994.19,991.87,995.90,985.38,489690.00,0.00,
20/11/2020,990.00,984.71,990.00,980.72,501050.00,0.01,
19/11/2020,983.26,975.32,983.26,974.33,500120.00,0.01,
18/11/2020,973.53,969.48,974.30,966.32,478680.00,0.00,
17/11/2020,968.90,955.52,968.90,953.22,400960.00,0.02,
16/11/2020,950.79,970.11,972.98,950.50,518930.00,-0.02,
13/11/2020,966.29,959.56,966.29,959.13,457830.00,0.01,
12/11/2020,959.28,953.97,959.28,953.62,343910.00,0.01,
11/11/2020,952.22,954.46,956.65,947.61,376510.00,0.00,
10/11/2020,951.90,962.68,963.47,951.90,456750.00,0.00,
9/11/2020,951.99,942.15,951.99,942.15,393200.00,0.01,
6/11/2020,938.29,939.73,941.20,934.63,268230.00,0.00,
5/11/2020,937.75,940.32,945.51,937.75,304330.00,0.00,
4/11/2020,939.76,935.41,943.56,933.86,350870.00,0.00,
3/11/2020,935.41,936.73,937.57,932.18,318700.00,0.00,
2/11/2020,933.68,926.09,933.68,924.14,297600.00,0.01,
30/10/2020,925.47,925.41,926.32,911.20,312750.00,0.01,
29/10/2020,919.08,916.49,925.84,914.33,436130.00,0.00,
28/10/2020,921.05,942.82,946.91,921.05,456060.00,-0.03,
27/10/2020,946.47,950.80,954.72,946.28,455850.00,0.00,
26/10/2020,950.80,967.52,970.15,950.80,428250.00,-0.01,
23/10/2020,961.26,953.45,961.26,953.14,452490.00,0.01,
22/10/2020,949.90,938.06,949.90,933.78,365120.00,0.01,
21/10/2020,939.03,947.16,948.20,939.00,412650.00,-0.01,
20/10/2020,944.42,941.00,944.54,937.32,444330.00,0.00,
19/10/2020,943.69,945.01,946.29,941.92,389470.00,0.00,
16/10/2020,943.30,944.03,946.23,935.98,443330.00,0.00,
15/10/2020,942.76,945.28,945.93,938.70,470510.00,0.00,
14/10/2020,940.18,931.89,940.18,931.89,474920.00,0.01,
13/10/2020,929.86,926.76,930.96,923.78,359020.00,0.00,
12/10/2020,925.83,930.78,933.13,923.28,457230.00,0.00,
9/10/2020,924.00,919.48,924.00,917.70,388130.00,0.01,
8/10/2020,918.84,922.08,922.08,913.89,470300.00,0.00,
7/10/2020,919.72,913.62,923.57,912.69,523960.00,0.00,
6/10/2020,915.67,918.11,918.93,912.77,496130.00,0.00,
5/10/2020,914.68,913.77,915.55,910.96,456100.00,0.01,
2/10/2020,909.91,914.09,916.67,897.72,527160.00,0.00,
1/10/2020,914.09,910.13,914.09,909.13,352450.00,0.01,
30/09/2020,905.21,904.34,907.00,900.44,340690.00,0.00,
29/09/2020,903.98,916.63,917.49,903.98,465360.00,-0.01,
28/09/2020,912.50,911.20,913.60,910.04,420240.00,0.00,
25/09/2020,908.27,910.78,911.30,905.56,361230.00,0.00,
24/09/2020,908.58,910.53,914.51,907.32,398460.00,0.00,
23/09/2020,912.50,908.97,913.52,908.97,392510.00,0.01,
22/09/2020,906.19,905.90,909.69,902.47,401410.00,0.00,
21/09/2020,907.94,904.50,909.78,904.50,403440.00,0.01,
18/09/2020,900.95,896.08,902.11,895.82,361840.00,0.01,
17/09/2020,894.04,897.47,899.41,890.93,395460.00,0.00,
16/09/2020,897.47,897.43,897.58,894.63,290430.00,0.00,
15/09/2020,896.26,896.61,898.74,894.66,381800.00,0.00,
14/09/2020,894.57,891.89,895.31,891.89,364430.00,0.01,
11/9/2020,888.97,888.82,890.98,884.67,309910.00,0.00,
10/9/2020,888.82,895.29,896.78,888.82,387240.00,0.00,
9/9/2020,889.32,883.68,892.40,881.57,318440.00,0.00,
8/9/2020,890.14,891.61,894.58,884.88,294020.00,0.00,
7/9/2020,888.25,903.85,905.80,888.25,434060.00,-0.01,
4/9/2020,901.54,896.02,903.11,893.86,346440.00,0.00,
3/9/2020,903.97,898.25,904.32,896.26,370490.00,0.01,
1/9/2020,891.73,882.40,892.51,880.79,317000.00,0.01,
31/08/2020,881.65,882.13,888.44,879.26,352650.00,0.00,
28/08/2020,878.98,878.79,885.86,877.70,398320.00,0.00,
27/08/2020,874.71,872.38,875.71,871.93,325720.00,0.00,
26/08/2020,873.47,873.62,876.97,871.78,352380.00,0.00,
25/08/2020,874.12,870.92,877.57,870.92,399070.00,0.01,
24/08/2020,868.68,860.35,868.68,860.35,381520.00,0.02,
21/08/2020,854.78,849.99,856.45,849.69,286820.00,0.01,
20/08/2020,848.21,851.21,856.99,847.44,285690.00,0.00,
19/08/2020,851.21,847.19,853.15,846.22,240150.00,0.01,
18/08/2020,846.43,850.15,851.06,845.00,227510.00,0.00,
17/08/2020,850.15,848.08,852.05,841.62,237510.00,0.00,
14/08/2020,850.74,854.29,860.32,848.38,304710.00,-0.01,
13/08/2020,855.05,849.96,855.19,849.86,256250.00,0.01,
12/8/2020,846.92,844.19,848.54,842.88,272490.00,0.00,
11/8/2020,843.08,847.61,847.61,840.35,249000.00,0.00,
10/8/2020,843.20,845.11,849.52,843.20,309300.00,0.00,
7/8/2020,841.46,840.65,844.33,836.84,259890.00,0.00,
6/8/2020,840.04,838.01,844.16,833.56,257020.00,0.00,
5/8/2020,837.80,827.54,839.52,820.74,306640.00,0.01,
4/8/2020,827.57,822.86,827.57,820.20,277450.00,0.02,
3/8/2020,814.65,796.86,814.84,796.47,298140.00,0.02,
31/07/2020,798.39,787.78,803.55,786.98,249630.00,0.00,
30/07/2020,801.13,796.22,802.97,794.88,188950.00,0.01,
29/07/2020,790.84,800.39,800.39,779.82,362090.00,-0.03,
28/07/2020,813.36,786.72,814.40,786.67,328490.00,0.04,
27/07/2020,785.17,794.14,808.74,780.64,422710.00,-0.05,
24/07/2020,829.16,854.23,854.57,816.65,505100.00,-0.03,
23/07/2020,856.75,854.92,857.22,851.97,240500.00,0.00,
22/07/2020,855.08,862.80,864.00,854.97,278600.00,-0.01,
21/07/2020,861.69,863.94,864.70,856.94,245410.00,0.00,
20/07/2020,861.40,870.66,871.64,861.40,285080.00,-0.01,
17/07/2020,872.02,873.48,875.07,871.89,270680.00,-0.01,
16/07/2020,876.83,871.81,876.83,869.25,243470.00,0.01,
15/07/2020,869.91,872.80,876.69,869.91,258290.00,0.00,
14/07/2020,868.11,865.01,868.11,860.28,239140.00,0.00,
13/07/2020,868.72,874.85,876.83,866.99,246070.00,0.00,
10/7/2020,871.21,873.70,878.53,867.59,291110.00,-0.01,
9/7/2020,876.46,867.66,878.36,867.45,306080.00,0.01,
8/7/2020,864.50,861.75,865.58,859.98,237540.00,0.00,
7/7/2020,863.42,865.46,870.63,863.42,330900.00,0.00,
6/7/2020,861.16,851.47,861.85,850.04,215090.00,0.02,
3/7/2020,847.61,845.26,848.16,843.25,203000.00,0.01,
2/7/2020,842.38,845.66,845.66,838.48,223800.00,0.00,
1/7/2020,843.49,827.67,844.26,826.38,303550.00,0.02,
30/06/2020,825.11,836.72,840.31,821.92,358390.00,-0.01,
29/06/2020,829.36,846.26,846.53,826.00,389640.00,-0.03,
26/06/2020,851.98,859.07,862.59,850.66,300390.00,0.00,
25/06/2020,854.59,851.09,856.23,849.65,312300.00,-0.01,
24/06/2020,859.71,868.20,873.13,857.58,370920.00,-0.01,
23/06/2020,868.20,871.12,873.20,864.02,455360.00,0.00,
22/06/2020,871.28,871.56,872.94,867.37,350370.00,0.00,
19/06/2020,868.56,857.77,868.56,857.77,440090.00,0.02,
18/06/2020,855.27,850.92,858.03,847.49,280310.00,0.00,
17/06/2020,854.44,861.05,861.05,852.27,354840.00,0.00,
16/06/2020,856.13,848.86,858.70,844.67,412450.00,0.03,
15/06/2020,832.47,867.52,868.16,832.47,708240.00,-0.04,
12/6/2020,863.52,841.85,863.52,841.44,620770.00,0.00,
11/6/2020,867.37,900.48,903.70,867.37,707460.00,-0.04,
10/6/2020,900.00,898.78,902.69,890.30,542870.00,0.00,
9/6/2020,899.43,902.26,904.89,898.87,501730.00,0.00,
8/6/2020,899.92,888.70,905.65,888.70,572020.00,0.02,
5/6/2020,886.22,883.40,886.59,878.50,499610.00,0.00,
4/6/2020,883.90,883.22,888.32,883.22,431120.00,0.00,
3/6/2020,881.17,876.73,881.17,874.01,351960.00,0.01,
2/6/2020,874.80,879.23,882.73,874.53,484710.00,0.00,
1/6/2020,878.67,868.97,878.67,868.97,476520.00,0.02,
29/05/2020,864.47,861.59,866.95,859.26,318190.00,0.00,
28/05/2020,861.39,858.97,866.17,856.48,322220.00,0.00,
27/05/2020,857.48,869.13,875.35,857.48,388900.00,-0.01,
26/05/2020,869.13,861.47,869.65,860.22,328350.00,0.01,
25/05/2020,859.04,852.90,860.45,849.12,307230.00,0.01,
22/05/2020,852.74,859.29,860.65,852.08,303980.00,-0.01,
21/05/2020,862.73,854.93,862.73,854.04,331910.00,0.01,
20/05/2020,852.91,843.26,852.91,842.21,265770.00,0.01,
19/05/2020,845.92,852.14,854.25,844.15,385270.00,0.01,
18/05/2020,837.01,827.49,837.61,823.08,254050.00,0.01,
15/05/2020,827.03,835.42,838.47,824.59,301890.00,-0.01,
14/05/2020,832.40,830.97,836.19,826.17,341120.00,0.00,
13/05/2020,834.21,835.32,839.59,815.13,374600.00,0.00,
12/5/2020,835.32,827.29,835.95,819.66,322210.00,0.01,
11/5/2020,828.33,818.26,828.33,812.48,353420.00,0.02,
8/5/2020,813.73,800.32,825.72,800.20,371340.00,0.02,
7/5/2020,796.54,785.08,796.54,785.08,240800.00,0.02,
6/5/2020,782.59,767.30,782.59,765.37,272450.00,0.02,
5/5/2020,764.16,763.22,767.03,760.04,212380.00,0.00,
4/5/2020,762.47,766.14,769.73,761.64,285570.00,-0.01,
29/04/2020,769.11,768.59,772.62,768.19,250080.00,0.00,
28/04/2020,767.21,773.31,776.13,763.66,219400.00,0.00,
27/04/2020,770.77,780.65,785.74,770.77,307360.00,-0.01,
24/04/2020,776.66,777.28,778.30,767.31,262270.00,0.00,
23/04/2020,773.91,768.92,785.60,768.92,205800.00,0.01,
22/04/2020,768.92,752.80,774.94,749.97,253440.00,0.00,
21/04/2020,766.84,794.97,794.97,761.96,397400.00,-0.04,
20/04/2020,794.97,796.17,797.49,786.73,336050.00,0.01,
17/04/2020,789.60,786.96,790.95,783.74,309860.00,0.01,
16/04/2020,780.70,773.11,781.06,770.91,250940.00,0.00,
15/04/2020,777.22,768.05,779.52,768.01,302620.00,0.01,
14/04/2020,767.41,769.01,769.53,753.85,266780.00,0.00,
13/04/2020,765.79,762.99,774.62,762.53,235280.00,0.01,
10/4/2020,757.94,759.08,764.36,751.59,338400.00,0.00,
9/4/2020,760.33,751.08,765.87,751.08,298470.00,0.02,
8/4/2020,748.02,740.03,748.36,730.12,252290.00,0.00,
7/4/2020,746.69,744.97,749.13,730.28,292970.00,0.01,
6/4/2020,736.75,716.22,736.75,715.39,334900.00,0.05,
3/4/2020,701.80,687.92,701.80,687.92,233090.00,0.03,
1/4/2020,680.23,658.80,684.96,657.41,267020.00,0.03,
31/03/2020,662.53,669.74,678.64,649.10,262790.00,0.00,
30/03/2020,662.26,663.91,665.56,657.36,233100.00,-0.05,
27/03/2020,696.06,692.54,703.22,682.52,327990.00,0.00,
26/03/2020,694.21,689.00,700.76,680.10,221850.00,0.01,
25/03/2020,690.25,669.76,690.25,667.58,270180.00,0.05,
24/03/2020,659.21,666.59,666.59,652.27,245150.00,-0.01,
23/03/2020,666.59,694.77,694.77,664.23,280250.00,-0.06,
20/03/2020,709.73,728.55,729.35,709.73,230590.00,-0.02,
19/03/2020,725.94,732.35,733.43,714.02,353390.00,-0.03,
18/03/2020,747.66,747.40,752.65,742.12,259020.00,0.00,
17/03/2020,745.78,724.07,750.03,721.84,287280.00,0.00,
16/03/2020,747.86,758.28,758.59,737.58,292250.00,-0.02,
13/03/2020,761.78,750.56,764.69,723.42,354710.00,-0.01,
12/3/2020,769.25,778.06,778.06,762.12,339230.00,-0.05,
11/3/2020,811.35,843.52,844.94,794.54,318570.00,-0.03,
10/3/2020,837.50,813.83,843.28,806.63,298020.00,0.00,
9/3/2020,835.49,875.80,875.80,834.67,309100.00,-0.06,
6/3/2020,891.44,888.96,891.44,882.71,214340.00,0.00,
5/3/2020,893.31,892.71,898.43,891.20,231340.00,0.00,
4/3/2020,889.37,887.85,889.85,882.83,238450.00,0.00,
3/3/2020,890.61,895.39,896.39,890.06,212740.00,0.01,
2/3/2020,884.43,878.43,886.45,877.31,206640.00,0.00,
28/02/2020,882.19,885.47,887.07,872.46,241890.00,-0.02,
27/02/2020,898.44,892.15,899.34,889.14,163290.00,0.00,
26/02/2020,895.97,901.51,903.27,894.25,142580.00,-0.02,
25/02/2020,909.67,893.95,909.67,893.95,221120.00,0.01,
24/02/2020,903.34,917.49,917.49,903.34,291880.00,-0.03,
21/02/2020,933.09,938.13,940.53,932.32,206750.00,-0.01,
20/02/2020,938.13,933.69,938.13,930.41,198340.00,0.01,
19/02/2020,928.76,926.41,931.66,925.86,192170.00,0.00,
18/02/2020,927.93,934.47,934.98,926.01,187760.00,-0.01,
17/02/2020,934.77,938.52,938.52,931.66,183250.00,0.00,
14/02/2020,937.45,939.28,940.65,936.47,204350.00,0.00,
13/02/2020,938.24,937.19,939.10,934.47,177730.00,0.00,
12/2/2020,937.68,940.72,943.11,937.34,228040.00,0.00,
11/2/2020,934.67,930.73,936.04,930.73,179350.00,0.00,
10/2/2020,930.73,934.38,935.87,926.61,153970.00,-0.01,
7/2/2020,940.75,938.61,943.48,935.94,194170.00,0.00,
6/2/2020,938.54,926.66,938.54,925.21,223670.00,0.01,
5/2/2020,925.91,934.75,936.33,921.89,197380.00,0.00,
4/2/2020,929.09,929.42,934.91,919.33,197690.00,0.00,
3/2/2020,928.14,916.60,930.37,891.85,275520.00,-0.01,
31/01/2020,936.62,959.58,960.96,936.62,253950.00,-0.02,
30/01/2020,959.58,975.15,977.72,954.00,198510.00,-0.03,
22/01/2020,991.46,986.52,991.46,983.92,152350.00,0.01,
21/01/2020,986.37,978.82,986.37,978.82,157670.00,0.01,
20/01/2020,978.63,978.23,979.85,975.93,148800.00,0.00,
